Device ID,NMOS3_C8R5,,
Flags,,,
Remarks,,,
VG,IDS,IG,VDS
-10,5.494E-12,-6.678E-12,0.1
-9.889,2.116E-12,-3.756E-12,0.1
-9.778,2.374E-12,-3.229E-12,0.1
-9.667,8.1E-13,-2.476E-12,0.1
-9.556,6.9E-13,-1.93E-12,0.1
-9.444,5.79E-13,-1.669E-12,0.1
-9.333,5.33E-13,-1.391E-12,0.1
-9.222,4.39E-13,-1.205E-12,0.1
-9.111,3.34E-13,-1.109E-12,0.1
-9,2.48E-13,-9.3E-13,0.1
-8.889,2.4E-13,-8.91E-13,0.1
-8.778,2.54E-13,-8.44E-13,0.1
-8.667,1.56E-13,-8.45E-13,0.1
-8.556,1.68E-13,-6.69E-13,0.1
-8.444,2.1E-13,-6.71E-13,0.1
-8.333,2.11E-13,-6.37E-13,0.1
-8.222,-2.693E-12,-6.94E-13,0.1
-8.111,1.54E-13,-5.71E-13,0.1
-8,1.79E-13,-4.84E-13,0.1
-7.889,2.92E-13,-4.85E-13,0.1
-7.778,2.97E-13,-3.61E-13,0.1
-7.667,4.5E-14,-4.73E-13,0.1
-7.556,-8.9E-14,-4.24E-13,0.1
-7.444,2.2E-14,-4.45E-13,0.1
-7.333,-7.7E-14,-7.97E-13,0.1
-7.222,1.62E-13,-3.03E-13,0.1
-7.111,8.7E-14,-3.57E-13,0.1
-7,5.6E-14,-3.82E-13,0.1
-6.889,-8E-15,-3.38E-13,0.1
-6.778,6.1E-14,-2.54E-13,0.1
-6.667,9.5E-14,-5.65E-13,0.1
-6.556,-1E-13,-3.96E-13,0.1
-6.444,1.09E-13,-3.19E-13,0.1
-6.333,-3.3E-14,-2.45E-13,0.1
-6.222,7.3E-14,-2.73E-13,0.1
-6.111,3.8E-14,-2.66E-13,0.1
-6,-3.8E-14,-2.54E-13,0.1
-5.889,2E-15,-2.49E-13,0.1
-5.778,2.6E-14,-2.4E-13,0.1
-5.667,3E-14,-2.46E-13,0.1
-5.556,1.6E-14,-2.3E-13,0.1
-5.444,2.8E-14,-2.11E-13,0.1
-5.333,1.5E-14,-1.74E-13,0.1
-5.222,1.4E-14,-1.87E-13,0.1
-5.111,-1.3E-14,-1.89E-13,0.1
-5,-3E-14,-1.94E-13,0.1
-4.889,5E-15,-1.69E-13,0.1
-4.778,7E-15,-1.92E-13,0.1
-4.667,-1.6E-14,-1.6E-13,0.1
-4.556,-4.8E-14,-1.71E-13,0.1
-4.444,-4.3E-14,-1.51E-13,0.1
-4.333,-3E-14,-1.43E-13,0.1
-4.222,-6.9E-14,-1.29E-13,0.1
-4.111,-7.2E-14,-1.23E-13,0.1
-4,-1E-13,-1.04E-13,0.1
-3.889,-5.5E-14,-1.2E-13,0.1
-3.778,-7.5E-14,-1.14E-13,0.1
-3.667,-5.6E-14,-1.09E-13,0.1
-3.556,-1.02E-13,-8E-14,0.1
-3.444,-1.04E-13,-5.3E-14,0.1
-3.333,-1.29E-13,-6.2E-14,0.1
-3.222,-1.42E-13,-3.4E-14,0.1
-3.111,-1.52E-13,2.8E-14,0.1
-3,-1.86E-13,7.5E-14,0.1
-2.889,-2.49E-13,1.74E-13,0.1
-2.778,-3.13E-13,3.12E-13,0.1
-2.667,-2.47E-13,2.73E-13,0.1
-2.556,4.1E-13,1.59E-13,0.1
-2.444,2.009E-12,1.75E-13,0.1
-2.333,5.781E-12,1.79E-13,0.1
-2.222,1.456E-11,1.34E-13,0.1
-2.111,3.3399E-11,1.07E-13,0.1
-2,7.1704E-11,1.24E-13,0.1
-1.8889,1.44594E-10,1.19E-13,0.1
-1.7778,2.70587E-10,6.5E-14,0.1
-1.6667,4.7524E-10,8.9E-14,0.1
-1.5556,7.7304E-10,9.8E-14,0.1
-1.4444,1.28023E-09,1.01E-13,0.1
-1.3333,0.000000002,1.26E-13,0.1
-1.2222,2.86137E-09,1.01E-13,0.1
-1.1111,0.000000004,1.5E-13,0.1
-1,5.50104E-09,1.12E-13,0.1
-0.8889,7.20907E-09,8.6E-14,0.1
-0.7778,9.30394E-09,1.13E-13,0.1
-0.6667,1.15347E-08,1.03E-13,0.1
-0.5556,1.44377E-08,1.21E-13,0.1
-0.4444,1.78089E-08,1.01E-13,0.1
-0.3333,2.15016E-08,9.7E-14,0.1
-0.2222,2.56081E-08,1.06E-13,0.1
-0.1111,3.02542E-08,1.12E-13,0.1
0,3.52139E-08,1.26E-13,0.1
0.1111,4.06324E-08,1.31E-13,0.1
0.2222,4.65115E-08,1.35E-13,0.1
0.3333,5.28915E-08,1.27E-13,0.1
0.4444,5.95605E-08,1.5E-13,0.1
0.5556,0.000000067,1.15E-13,0.1
0.6667,7.47865E-08,1.24E-13,0.1
0.7778,8.30997E-08,1.16E-13,0.1
0.8889,9.17057E-08,1.28E-13,0.1
1,1.006039E-07,1.37E-13,0.1
1.1111,1.100504E-07,1.45E-13,0.1
1.2222,1.18908E-07,1.34E-13,0.1
1.3333,1.29403E-07,1.61E-13,0.1
1.4444,1.39863E-07,1.44E-13,0.1
1.5556,1.50711E-07,1.52E-13,0.1
1.6667,1.61651E-07,1.35E-13,0.1
1.7778,1.7355E-07,1.82E-13,0.1
1.8889,1.84941E-07,1.97E-13,0.1
2,0.000000197,1.76E-13,0.1
2.111,2.08937E-07,1.73E-13,0.1
2.222,2.21387E-07,1.8E-13,0.1
2.333,2.33913E-07,1.83E-13,0.1
2.444,2.4656E-07,1.84E-13,0.1
2.556,2.59705E-07,1.8E-13,0.1
2.667,2.72766E-07,1.92E-13,0.1
2.778,2.85452E-07,2.12E-13,0.1
2.889,2.98245E-07,1.93E-13,0.1
3,3.1048E-07,2.2E-13,0.1
3.111,0.000000324,2.23E-13,0.1
3.222,3.36699E-07,2.27E-13,0.1
3.333,3.49786E-07,2.28E-13,0.1
3.444,3.62164E-07,2.24E-13,0.1
3.556,3.75685E-07,2.51E-13,0.1
3.667,3.8838E-07,2.42E-13,0.1
3.778,4.01129E-07,2.72E-13,0.1
3.889,4.12837E-07,2.75E-13,0.1
4,4.25387E-07,2.72E-13,0.1
4.111,4.37653E-07,2.53E-13,0.1
4.222,4.49564E-07,2.46E-13,0.1
4.333,4.60817E-07,2.56E-13,0.1
4.444,4.73064E-07,2.65E-13,0.1
4.556,4.85156E-07,2.31E-13,0.1
4.667,4.96498E-07,1.98E-13,0.1
4.778,5.0733E-07,3.12E-13,0.1
4.889,5.18257E-07,2.97E-13,0.1
5,5.29842E-07,2.83E-13,0.1
5.111,5.4065E-07,2.84E-13,0.1
5.222,5.50818E-07,3.03E-13,0.1
5.333,5.6158E-07,2.81E-13,0.1
5.444,5.72554E-07,2.95E-13,0.1
5.556,5.81518E-07,3.07E-13,0.1
5.667,5.92747E-07,3.17E-13,0.1
5.778,6.0331E-07,3.85E-13,0.1
5.889,6.11593E-07,3.12E-13,0.1
6,6.22361E-07,2.98E-13,0.1
6.111,6.30392E-07,3.04E-13,0.1
6.222,6.40236E-07,4.01E-13,0.1
6.333,0.000000646,2.79E-13,0.1
6.444,6.56338E-07,3.54E-13,0.1
6.556,6.66621E-07,3.38E-13,0.1
6.667,0.000000675,3.19E-13,0.1
6.778,6.82744E-07,3.81E-13,0.1
6.889,6.91115E-07,3.72E-13,0.1
7,6.99936E-07,3.75E-13,0.1
7.111,7.06506E-07,4.13E-13,0.1
7.222,7.13564E-07,3.78E-13,0.1
7.333,7.22167E-07,3.8E-13,0.1
7.444,7.30054E-07,3.89E-13,0.1
7.556,7.36298E-07,3.73E-13,0.1
7.667,7.42708E-07,4.02E-13,0.1
7.778,7.50648E-07,3.91E-13,0.1
7.889,7.58381E-07,3.95E-13,0.1
8,7.64332E-07,4.22E-13,0.1
8.111,7.69342E-07,4.1E-13,0.1
8.222,7.76241E-07,4.37E-13,0.1
8.333,7.83085E-07,4.28E-13,0.1
8.444,7.86141E-07,4.28E-13,0.1
8.556,7.90795E-07,4.35E-13,0.1
8.667,7.97667E-07,4.36E-13,0.1
8.778,8.04354E-07,4.41E-13,0.1
8.889,0.00000081,4.53E-13,0.1
9,8.13127E-07,4.36E-13,0.1
9.111,8.19553E-07,4.65E-13,0.1
9.222,8.25387E-07,4.45E-13,0.1
9.333,8.31708E-07,4.62E-13,0.1
9.444,8.3486E-07,4.63E-13,0.1
9.556,8.4276E-07,4.68E-13,0.1
9.667,8.4807E-07,4.88E-13,0.1
9.778,8.51836E-07,4.92E-13,0.1
9.889,0.000000855,4.69E-13,0.1
10,8.60064E-07,4.83E-13,0.1
10,8.23334E-07,3.87E-13,0.1
9.889,7.37588E-07,2.5E-13,0.1
9.778,6.63907E-07,1.98E-13,0.1
9.667,5.97896E-07,1.21E-13,0.1
9.556,5.41503E-07,6.8E-14,0.1
9.444,4.88313E-07,3.4E-14,0.1
9.333,4.41666E-07,2.3E-14,0.1
9.222,3.98748E-07,-3.1E-14,0.1
9.111,3.60603E-07,-2.1E-14,0.1
9,3.25114E-07,-2.8E-14,0.1
8.889,2.92824E-07,-3.2E-14,0.1
8.778,2.63113E-07,-8.4E-14,0.1
8.667,2.35609E-07,-9.2E-14,0.1
8.556,2.10756E-07,-1.13E-13,0.1
8.444,1.8749E-07,-1.17E-13,0.1
8.333,1.66768E-07,-1.14E-13,0.1
8.222,1.47936E-07,-1.19E-13,0.1
8.111,1.30697E-07,-1.39E-13,0.1
8,1.14671E-07,-1.33E-13,0.1
7.889,1.00659E-07,-1.41E-13,0.1
7.778,8.78345E-08,-1.58E-13,0.1
7.667,7.59224E-08,-1.72E-13,0.1
7.556,6.54481E-08,-1.47E-13,0.1
7.444,5.63973E-08,-2.28E-13,0.1
7.333,0.000000048,-1.65E-13,0.1
7.222,4.0582E-08,-2.71E-13,0.1
7.111,3.44739E-08,-2.39E-13,0.1
7,2.87085E-08,-1.93E-13,0.1
6.889,0.000000024,-2.41E-13,0.1
6.778,1.98172E-08,-2.32E-13,0.1
6.667,1.62242E-08,-2.16E-13,0.1
6.556,1.31986E-08,-2.42E-13,0.1
6.444,1.06245E-08,-2.59E-13,0.1
6.333,8.62093E-09,-1.82E-13,0.1
6.222,6.80063E-09,-2.51E-13,0.1
6.111,5.34464E-09,-2.85E-13,0.1
6,4.15028E-09,-3.13E-13,0.1
5.889,3.19037E-09,-3.24E-13,0.1
5.778,2.43307E-09,-3.5E-13,0.1
5.667,1.84924E-09,-3.42E-13,0.1
5.556,1.37616E-09,-3.67E-13,0.1
5.444,0.000000001,-3.91E-13,0.1
5.333,7.4909E-10,-4.03E-13,0.1
5.222,5.67637E-10,-2.82E-13,0.1
5.111,4.09719E-10,-3.43E-13,0.1
5,2.98002E-10,-3.49E-13,0.1
4.889,2.12526E-10,-3.34E-13,0.1
4.778,1.51207E-10,-3.82E-13,0.1
4.667,1.0432E-10,-3.7E-13,0.1
4.556,7.1862E-11,-3.83E-13,0.1
4.444,4.7146E-11,-4E-13,0.1
4.333,3.1092E-11,-4E-13,0.1
4.222,2.0377E-11,-4.86E-13,0.1
4.111,1.3485E-11,-4.89E-13,0.1
4,8.839E-12,-5.14E-13,0.1
3.889,5.727E-12,-5.93E-13,0.1
3.778,3.994E-12,-5.84E-13,0.1
3.667,2.739E-12,-6.29E-13,0.1
3.556,2.008E-12,-7.14E-13,0.1
3.444,1.51E-12,-8.11E-13,0.1
3.333,1.267E-12,-8.46E-13,0.1
3.222,1.142E-12,-9.44E-13,0.1
3.111,1.028E-12,-1.017E-12,0.1
3,9.3E-13,-1.108E-12,0.1
2.889,8.42E-13,-1.206E-12,0.1
2.778,7.74E-13,-1.224E-12,0.1
2.667,7.42E-13,-1.262E-12,0.1
2.556,7.56E-13,-1.248E-12,0.1
2.444,7.77E-13,-1.274E-12,0.1
2.333,5.64E-13,-1.183E-12,0.1
2.222,6.19E-13,-1.194E-12,0.1
2.111,6.02E-13,-1.192E-12,0.1
2,6.06E-13,-1.167E-12,0.1
1.8889,5.85E-13,-1.168E-12,0.1
1.7778,5.5E-13,-1.154E-12,0.1
1.6667,5.04E-13,-1.119E-12,0.1
1.5556,5.22E-13,-1.092E-12,0.1
1.4444,5.09E-13,-1.081E-12,0.1
1.3333,5E-13,-1.081E-12,0.1
1.2222,5.05E-13,-1.034E-12,0.1
1.1111,4.36E-13,-1.042E-12,0.1
1,4.41E-13,-1.022E-12,0.1
0.8889,4.4E-13,-1.014E-12,0.1
0.7778,4.52E-13,-9.74E-13,0.1
0.6667,4.26E-13,-9.74E-13,0.1
0.5556,4.16E-13,-9.89E-13,0.1
0.4444,3.84E-13,-9.48E-13,0.1
0.3333,3.71E-13,-9.46E-13,0.1
0.2222,4.07E-13,-9.19E-13,0.1
0.1111,3.71E-13,-9.11E-13,0.1
0,3.66E-13,-9.05E-13,0.1
-0.1111,3.59E-13,-9.19E-13,0.1
-0.2222,3.72E-13,-8.97E-13,0.1
-0.3333,3.58E-13,-8.87E-13,0.1
-0.4444,3.7E-13,-8.66E-13,0.1
-0.5556,3.5E-13,-8.75E-13,0.1
-0.6667,3.36E-13,-8.68E-13,0.1
-0.7778,3.37E-13,-8.24E-13,0.1
-0.8889,3.28E-13,-8.02E-13,0.1
-1,3.08E-13,-8.19E-13,0.1
-1.1111,2.86E-13,-7.89E-13,0.1
-1.2222,3.17E-13,-8E-13,0.1
-1.3333,3.32E-13,-8E-13,0.1
-1.4444,2.91E-13,-7.78E-13,0.1
-1.5556,2.93E-13,-7.37E-13,0.1
-1.6667,2.81E-13,-7.62E-13,0.1
-1.7778,2.81E-13,-7.55E-13,0.1
-1.8889,3.34E-13,-7.48E-13,0.1
-2,3.29E-13,-6.93E-13,0.1
-2.111,3.63E-13,-6.89E-13,0.1
-2.222,3.79E-13,-6.68E-13,0.1
-2.333,2.66E-13,-7.86E-13,0.1
-2.444,2.05E-13,-7.85E-13,0.1
-2.556,2.03E-13,-7.44E-13,0.1
-2.667,2.41E-13,-7.53E-13,0.1
-2.778,2.92E-13,-7.35E-13,0.1
-2.889,2.57E-13,-7.54E-13,0.1
-3,1.89E-13,-7.42E-13,0.1
-3.111,2.98E-13,-7.5E-13,0.1
-3.222,3.25E-13,-7.49E-13,0.1
-3.333,3.2E-13,-7.25E-13,0.1
-3.444,2.57E-13,-7.44E-13,0.1
-3.556,3.04E-13,-7.11E-13,0.1
-3.667,2.75E-13,-7.36E-13,0.1
-3.778,2.76E-13,-6.85E-13,0.1
-3.889,2.52E-13,-8.13E-13,0.1
-4,5.45E-13,-9.18E-13,0.1
-4.111,3.29E-13,-7.73E-13,0.1
-4.222,2.87E-13,-7.3E-13,0.1
-4.333,3.07E-13,-7.36E-13,0.1
-4.444,3E-13,-7.37E-13,0.1
-4.556,2.58E-13,-7.57E-13,0.1
-4.667,3.53E-13,-7.37E-13,0.1
-4.778,2.93E-13,-7.49E-13,0.1
-4.889,3.64E-13,-7.48E-13,0.1
-5,2.98E-13,-7.72E-13,0.1
-5.111,3.1E-13,-7.57E-13,0.1
-5.222,3.35E-13,-7.36E-13,0.1
-5.333,3.41E-13,-7.57E-13,0.1
-5.444,3.4E-13,-7.97E-13,0.1
-5.556,2.91E-13,-7.96E-13,0.1
-5.667,3.47E-13,-8.07E-13,0.1
-5.778,3.63E-13,-8.08E-13,0.1
-5.889,3.3E-13,-8.01E-13,0.1
-6,3.2E-13,-8.12E-13,0.1
-6.111,3.26E-13,-8.22E-13,0.1
-6.222,3.81E-13,-8.41E-13,0.1
-6.333,3.52E-13,-8.38E-13,0.1
-6.444,2.99E-13,-8.19E-13,0.1
-6.556,3.65E-13,-8.41E-13,0.1
-6.667,3.66E-13,-8.44E-13,0.1
-6.778,3.99E-13,-8.65E-13,0.1
-6.889,3.66E-13,-8.66E-13,0.1
-7,3.39E-13,-8.58E-13,0.1
-7.111,3.59E-13,-8.53E-13,0.1
-7.222,3.59E-13,-8.61E-13,0.1
-7.333,3.9E-13,-8.79E-13,0.1
-7.444,3.81E-13,-8.91E-13,0.1
-7.556,2.78E-13,-1.243E-12,0.1
-7.667,3.56E-13,-8.82E-13,0.1
-7.778,4.07E-13,-8.93E-13,0.1
-7.889,4.44E-13,-9.42E-13,0.1
-8,4.46E-13,-8.78E-13,0.1
-8.111,3.49E-13,-9.42E-13,0.1
-8.222,3.98E-13,-9.48E-13,0.1
-8.333,4.88E-13,-1.061E-12,0.1
-8.444,4.8E-13,-9.62E-13,0.1
-8.556,4.79E-13,-9.21E-13,0.1
-8.667,5.49E-13,-1.058E-12,0.1
-8.778,4.7E-13,-1.018E-12,0.1
-8.889,5.21E-13,-1.026E-12,0.1
-9,5.18E-13,-1.139E-12,0.1
-9.111,5.34E-13,-1.117E-12,0.1
-9.222,2.56E-13,-1.265E-12,0.1
-9.333,6.64E-13,-1.13E-12,0.1
-9.444,6.54E-13,-1.192E-12,0.1
-9.556,6.55E-13,-1.376E-12,0.1
-9.667,7.75E-13,-1.423E-12,0.1
-9.778,7.92E-13,-1.529E-12,0.1
-9.889,8.03E-13,-1.651E-12,0.1
-10,8.39E-13,-1.638E-12,0.1
Device ID,NMOS3_C6R2,,
Flags,,,
Remarks,,,
VG,IDS,IG,VDS
-10,6.61E-12,-7.076E-12,0.1
-9.889,2.824E-12,-5.115E-12,0.1
-9.778,1.815E-12,-3.631E-12,0.1
-9.667,1.362E-12,-2.799E-12,0.1
-9.556,1.19E-12,-2.214E-12,0.1
-9.444,9E-13,-1.832E-12,0.1
-9.333,7.57E-13,-1.582E-12,0.1
-9.222,7.66E-13,-1.363E-12,0.1
-9.111,4.56E-13,-1.218E-12,0.1
-9,4.11E-13,-1.066E-12,0.1
-8.889,4.2E-13,-1.023E-12,0.1
-8.778,3.67E-13,-9.77E-13,0.1
-8.667,3.35E-13,-8.7E-13,0.1
-8.556,2.84E-13,-7.39E-13,0.1
-8.444,1.83E-13,-7.82E-13,0.1
-8.333,1.49E-13,-6.57E-13,0.1
-8.222,1.69E-13,-5.02E-13,0.1
-8.111,3.75E-13,-6.48E-13,0.1
-8,2E-15,-6.62E-13,0.1
-7.889,8.7E-14,-5.78E-13,0.1
-7.778,2.01E-13,-4.62E-13,0.1
-7.667,1.52E-13,-4.26E-13,0.1
-7.556,1.13E-13,-4.55E-13,0.1
-7.444,1.64E-13,-3.74E-13,0.1
-7.333,-2.6E-14,-4.43E-13,0.1
-7.222,1.8E-14,-3.77E-13,0.1
-7.111,2.1E-14,-2.72E-13,0.1
-7,1.63E-13,-5.13E-13,0.1
-6.889,3.5E-14,-4.11E-13,0.1
-6.778,-4.1E-14,-3.9E-13,0.1
-6.667,2E-14,-3.35E-13,0.1
-6.556,-2E-15,-3.2E-13,0.1
-6.444,2.4E-14,-2.74E-13,0.1
-6.333,4.5E-14,-2.87E-13,0.1
-6.222,1.7E-14,-2.64E-13,0.1
-6.111,3.1E-14,-2.65E-13,0.1
-6,-1E-14,-2.08E-13,0.1
-5.889,-3E-15,-2.29E-13,0.1
-5.778,-6.28E-13,-1.837E-12,0.1
-5.667,-3.24E-13,-9E-14,0.1
-5.556,-3.78E-13,-1.1E-13,0.1
-5.444,-3.73E-13,-1.21E-13,0.1
-5.333,-4.33E-13,-2.5E-14,0.1
-5.222,-4.16E-13,-1.07E-13,0.1
-5.111,-4.57E-13,-1.02E-13,0.1
-5,-4.22E-13,-2.7E-14,0.1
-4.889,-4.52E-13,7E-15,0.1
-4.778,-4.33E-13,-1E-14,0.1
-4.667,-4.81E-13,-2.3E-14,0.1
-4.556,-5.31E-13,0,0.1
-4.444,-5.16E-13,1.6E-14,0.1
-4.333,-5.04E-13,-8E-15,0.1
-4.222,-5.54E-13,1.35E-13,0.1
-4.111,-5.54E-13,3.7E-14,0.1
-4,-5.89E-13,4.3E-14,0.1
-3.889,-5.99E-13,9.4E-14,0.1
-3.778,-6.66E-13,1.58E-13,0.1
-3.667,-7.52E-13,2.5E-13,0.1
-3.556,-8.75E-13,3.04E-13,0.1
-3.444,-8.96E-13,3.99E-13,0.1
-3.333,-9.16E-13,4.49E-13,0.1
-3.222,-1.018E-12,5.24E-13,0.1
-3.111,-1.017E-12,6.03E-13,0.1
-3,-1.038E-12,6.04E-13,0.1
-2.889,-8.87E-13,6.45E-13,0.1
-2.778,-2.47E-13,6.7E-13,0.1
-2.667,1.178E-12,6.35E-13,0.1
-2.556,4.639E-12,6.48E-13,0.1
-2.444,1.1764E-11,7.23E-13,0.1
-2.333,2.617E-11,8.94E-13,0.1
-2.222,5.4922E-11,8.51E-13,0.1
-2.111,1.11329E-10,8.71E-13,0.1
-2,2.07275E-10,8.94E-13,0.1
-1.8889,3.70298E-10,7.28E-13,0.1
-1.7778,6.19295E-10,9.05E-13,0.1
-1.6667,1.09156E-09,1.71E-13,0.1
-1.5556,1.38898E-09,2.016E-12,0.1
-1.4444,2.13238E-09,2.191E-12,0.1
-1.3333,3.14566E-09,2.259E-12,0.1
-1.2222,4.45218E-09,2.222E-12,0.1
-1.1111,5.94507E-09,2.477E-12,0.1
-1,0.000000008,2.435E-12,0.1
-0.8889,1.035132E-08,2.252E-12,0.1
-0.7778,1.36731E-08,2.055E-12,0.1
-0.6667,1.64142E-08,2.612E-12,0.1
-0.5556,2.05845E-08,2.126E-12,0.1
-0.4444,2.51125E-08,2.084E-12,0.1
-0.3333,3.02246E-08,1.762E-12,0.1
-0.2222,3.56801E-08,1.697E-12,0.1
-0.1111,4.15601E-08,1.586E-12,0.1
0,4.79338E-08,1.831E-12,0.1
0.1111,5.44003E-08,2.179E-12,0.1
0.2222,6.22364E-08,1.763E-12,0.1
0.3333,7.12276E-08,1.136E-12,0.1
0.4444,7.97893E-08,1.416E-12,0.1
0.5556,8.97648E-08,1.227E-12,0.1
0.6667,9.96109E-08,1.174E-12,0.1
0.7778,1.101903E-07,9.43E-13,0.1
0.8889,1.21795E-07,8.66E-13,0.1
1,1.32916E-07,5.47E-13,0.1
1.1111,1.45634E-07,5.98E-13,0.1
1.2222,1.58832E-07,4.74E-13,0.1
1.3333,1.70868E-07,3.75E-13,0.1
1.4444,1.85581E-07,-2.32E-13,0.1
1.5556,1.99859E-07,6.3E-13,0.1
1.6667,2.13405E-07,2.08E-13,0.1
1.7778,0.000000228,-4.9E-14,0.1
1.8889,2.44388E-07,1.95E-13,0.1
2,2.59554E-07,3.98E-13,0.1
2.111,2.7518E-07,2.33E-13,0.1
2.222,2.91075E-07,2.15E-13,0.1
2.333,3.06575E-07,9.39E-13,0.1
2.444,0.000000322,6.81E-13,0.1
2.556,3.40713E-07,4.81E-13,0.1
2.667,3.56727E-07,3.21E-13,0.1
2.778,3.73829E-07,1.76E-13,0.1
2.889,3.90606E-07,3.72E-13,0.1
3,4.08497E-07,1.14E-13,0.1
3.111,4.25353E-07,-9.1E-14,0.1
3.222,4.43159E-07,6.4E-14,0.1
3.333,4.60397E-07,2.92E-13,0.1
3.444,4.78429E-07,7.74E-13,0.1
3.556,4.94761E-07,1.24E-13,0.1
3.667,5.158E-07,-8.1E-14,0.1
3.778,0.000000533,1.48E-13,0.1
3.889,5.51393E-07,1.22E-13,0.1
4,5.67683E-07,5E-14,0.1
4.111,5.87814E-07,3.7E-14,0.1
4.222,6.04233E-07,2.62E-13,0.1
4.333,6.22085E-07,3.61E-13,0.1
4.444,6.40745E-07,-2.3E-14,0.1
4.556,6.59896E-07,1.26E-13,0.1
4.667,6.75366E-07,3.19E-13,0.1
4.778,6.92476E-07,3.77E-13,0.1
4.889,7.08694E-07,5.2E-13,0.1
5,7.25361E-07,2.7E-14,0.1
5.111,0.000000746,1.55E-13,0.1
5.222,7.61783E-07,2.08E-13,0.1
5.333,7.75213E-07,9.5E-14,0.1
5.444,7.91918E-07,4.78E-13,0.1
5.556,8.06569E-07,-1.5E-13,0.1
5.667,0.000000827,3.67E-13,0.1
5.778,8.42436E-07,7.64E-13,0.1
5.889,8.56714E-07,-9.4E-14,0.1
6,8.73131E-07,1.11E-13,0.1
6.111,8.87467E-07,6.42E-13,0.1
6.222,0.000000904,2.84E-13,0.1
6.333,9.20805E-07,4.3E-14,0.1
6.444,9.37094E-07,5.1E-14,0.1
6.556,9.52511E-07,5.67E-13,0.1
6.667,9.67287E-07,6.43E-13,0.1
6.778,0.000000984,6E-14,0.1
6.889,9.98656E-07,1.88E-13,0.1
7,1.013109E-06,7.09E-13,0.1
7.111,1.028787E-06,4.41E-13,0.1
7.222,1.043373E-06,2.76E-13,0.1
7.333,1.056308E-06,5.37E-13,0.1
7.444,0.000001067,-1.06E-13,0.1
7.556,1.083457E-06,2.47E-13,0.1
7.667,1.098465E-06,2.93E-13,0.1
7.778,1.11173E-06,3.9E-13,0.1
7.889,1.126623E-06,3.45E-13,0.1
8,1.13248E-06,4.82E-13,0.1
8.111,1.14739E-06,4.21E-13,0.1
8.222,1.16333E-06,4.99E-13,0.1
8.333,1.17574E-06,4.34E-13,0.1
8.444,0.000001189,1.84E-13,0.1
8.556,1.20149E-06,4.8E-14,0.1
8.667,1.21565E-06,4.92E-13,0.1
8.778,1.22806E-06,4.03E-13,0.1
8.889,1.24087E-06,1.33E-13,0.1
9,1.25327E-06,7.25E-13,0.1
9.111,1.26461E-06,2.74E-13,0.1
9.222,1.27968E-06,3.73E-13,0.1
9.333,1.29017E-06,5.24E-13,0.1
9.444,1.29987E-06,5.26E-13,0.1
9.556,1.31267E-06,-5E-13,0.1
9.667,1.32631E-06,5.78E-13,0.1
9.778,1.33425E-06,6.77E-13,0.1
9.889,1.34739E-06,4.58E-13,0.1
10,1.35992E-06,5.13E-13,0.1
10,1.31028E-06,4.85E-13,0.1
9.889,1.19463E-06,7.2E-14,0.1
9.778,1.09667E-06,-1.58E-13,0.1
9.667,1.006759E-06,3.57E-13,0.1
9.556,0.000000923,-2.07E-13,0.1
9.444,8.47837E-07,-4.25E-13,0.1
9.333,0.000000781,2.39E-13,0.1
9.222,7.17882E-07,-2.23E-13,0.1
9.111,6.60223E-07,-2.52E-13,0.1
9,0.000000609,1.94E-13,0.1
8.889,5.5884E-07,-1.71E-13,0.1
8.778,5.10282E-07,-1.04E-13,0.1
8.667,4.66916E-07,-4.65E-13,0.1
8.556,4.27873E-07,-2.71E-13,0.1
8.444,3.91271E-07,1.95E-13,0.1
8.333,3.55582E-07,9E-14,0.1
8.222,3.24178E-07,-4.45E-13,0.1
8.111,2.94275E-07,-8.3E-14,0.1
8,0.000000266,-1.25E-13,0.1
7.889,2.40285E-07,-2.94E-13,0.1
7.778,2.17683E-07,-7.6E-13,0.1
7.667,1.95772E-07,1.01E-13,0.1
7.556,1.74276E-07,-2.6E-13,0.1
7.444,1.55368E-07,8.6E-14,0.1
7.333,1.38222E-07,1.31E-13,0.1
7.222,1.22381E-07,-1.46E-13,0.1
7.111,1.08325E-07,-1.42E-13,0.1
7,9.55212E-08,-5.1E-14,0.1
6.889,8.36608E-08,-3.51E-13,0.1
6.778,7.37066E-08,-6.5E-14,0.1
6.667,6.30537E-08,-9E-14,0.1
6.556,5.45678E-08,-2.03E-13,0.1
6.444,4.7342E-08,-1.05E-13,0.1
6.333,4.05916E-08,3.5E-14,0.1
6.222,3.44727E-08,-1.13E-13,0.1
6.111,2.92124E-08,-4.58E-13,0.1
6,2.4748E-08,-8.2E-14,0.1
5.889,2.08973E-08,1.07E-13,0.1
5.778,1.74093E-08,-1E-14,0.1
5.667,1.44738E-08,-2.34E-13,0.1
5.556,0.000000012,-2.71E-13,0.1
5.444,9.7502E-09,1.88E-13,0.1
5.333,8.09594E-09,-5.34E-13,0.1
5.222,6.42705E-09,-3.77E-13,0.1
5.111,5.1228E-09,-3.98E-13,0.1
5,4.11478E-09,-4.31E-13,0.1
4.889,3.20686E-09,-3.8E-14,0.1
4.778,2.49748E-09,-5.46E-13,0.1
4.667,1.92453E-09,-5.8E-13,0.1
4.556,1.48365E-09,-3.1E-13,0.1
4.444,1.0992E-09,-1.58E-13,0.1
4.333,8.4571E-10,-8.52E-13,0.1
4.222,6.71548E-10,-2.43E-13,0.1
4.111,5.01643E-10,-7.3E-14,0.1
4,3.71496E-10,-3.09E-13,0.1
3.889,2.68555E-10,-1.5E-13,0.1
3.778,1.9196E-10,-3.91E-13,0.1
3.667,1.42317E-10,-3.72E-13,0.1
3.556,9.8598E-11,-4.19E-13,0.1
3.444,6.5434E-11,-3.74E-13,0.1
3.333,4.5513E-11,-4.87E-13,0.1
3.222,3.101E-11,-4.7E-13,0.1
3.111,2.0572E-11,-3.82E-13,0.1
3,1.3934E-11,-3.51E-13,0.1
2.889,9.431E-12,-4.27E-13,0.1
2.778,6.302E-12,-3.82E-13,0.1
2.667,4.072E-12,-4.21E-13,0.1
2.556,2.838E-12,-4.58E-13,0.1
2.444,2.016E-12,-5.51E-13,0.1
2.333,1.533E-12,-5.6E-13,0.1
2.222,1.241E-12,-7.31E-13,0.1
2.111,9.48E-13,-5.59E-13,0.1
2,9.04E-13,-7.46E-13,0.1
1.8889,8.2E-13,-7.52E-13,0.1
1.7778,7.54E-13,-9.15E-13,0.1
1.6667,7.31E-13,-7.58E-13,0.1
1.5556,6.64E-13,-7.78E-13,0.1
1.4444,6.65E-13,-8.46E-13,0.1
1.3333,6.26E-13,-9.23E-13,0.1
1.2222,5.93E-13,-8.13E-13,0.1
1.1111,5.33E-13,-9.07E-13,0.1
1,5.69E-13,-8.81E-13,0.1
0.8889,4.91E-13,-9.79E-13,0.1
0.7778,5.47E-13,-8.47E-13,0.1
0.6667,5.35E-13,-1.004E-12,0.1
0.5556,5.39E-13,-9.1E-13,0.1
0.4444,5.58E-13,-8.81E-13,0.1
0.3333,2.29E-13,-1.056E-12,0.1
0.2222,4.99E-13,-9.27E-13,0.1
0.1111,4.84E-13,-9.47E-13,0.1
0,4.16E-13,-1.038E-12,0.1
-0.1111,4.93E-13,-8.79E-13,0.1
-0.2222,5.15E-13,-8.34E-13,0.1
-0.3333,4.28E-13,-9.53E-13,0.1
-0.4444,3.67E-13,-8.97E-13,0.1
-0.5556,3.77E-13,-8.92E-13,0.1
-0.6667,4.72E-13,-8.84E-13,0.1
-0.7778,3.46E-13,-8.75E-13,0.1
-0.8889,3.34E-13,-8.42E-13,0.1
-1,3.76E-13,-8.47E-13,0.1
-1.1111,3.42E-13,-8.59E-13,0.1
-1.2222,3.54E-13,-8.12E-13,0.1
-1.3333,3.39E-13,-7.75E-13,0.1
-1.4444,3.21E-13,-7.49E-13,0.1
-1.5556,3.25E-13,-7.65E-13,0.1
-1.6667,3.01E-13,-7.79E-13,0.1
-1.7778,2.97E-13,-7.43E-13,0.1
-1.8889,2.91E-13,-7E-13,0.1
-2,2.71E-13,-7.55E-13,0.1
-2.111,2.99E-13,-7.31E-13,0.1
-2.222,2.98E-13,-7.16E-13,0.1
-2.333,2.61E-13,-6.62E-13,0.1
-2.444,2.81E-13,-6.88E-13,0.1
-2.556,2.62E-13,-6.75E-13,0.1
-2.667,2.93E-13,-7.14E-13,0.1
-2.778,2.57E-13,-6.89E-13,0.1
-2.889,2.5E-13,-7.13E-13,0.1
-3,2.84E-13,-7.04E-13,0.1
-3.111,2.38E-13,-6.92E-13,0.1
-3.222,2.12E-13,-6.55E-13,0.1
-3.333,2.58E-13,-6.59E-13,0.1
-3.444,2.59E-13,-6.86E-13,0.1
-3.556,2.16E-13,-6.52E-13,0.1
-3.667,2.74E-13,-6.95E-13,0.1
-3.778,2.59E-13,-6.72E-13,0.1
-3.889,2.85E-13,-6.72E-13,0.1
-4,2.77E-13,-6.82E-13,0.1
-4.111,2.65E-13,-6.45E-13,0.1
-4.222,2.71E-13,-6.89E-13,0.1
-4.333,2.46E-13,-6.62E-13,0.1
-4.444,3.01E-13,-6.93E-13,0.1
-4.556,2.66E-13,-6.93E-13,0.1
-4.667,2.59E-13,-6.54E-13,0.1
-4.778,2.96E-13,-7E-13,0.1
-4.889,2.76E-13,-6.86E-13,0.1
-5,2.7E-13,-6.94E-13,0.1
-5.111,2.61E-13,-6.99E-13,0.1
-5.222,2.69E-13,-7.43E-13,0.1
-5.333,3.24E-13,-7.28E-13,0.1
-5.444,3.16E-13,-7.5E-13,0.1
-5.556,2.88E-13,-7.27E-13,0.1
-5.667,2.77E-13,-7.15E-13,0.1
-5.778,3.33E-13,-7.02E-13,0.1
-5.889,4.29E-13,-6.4E-13,0.1
-6,4.63E-13,-6.11E-13,0.1
-6.111,4.62E-13,-7.69E-13,0.1
-6.222,2.08E-13,-9.2E-13,0.1
-6.333,-1.09E-13,-7.66E-13,0.1
-6.444,3.45E-13,-7.85E-13,0.1
-6.556,3.2E-13,-7.67E-13,0.1
-6.667,3.1E-13,-8.07E-13,0.1
-6.778,3.3E-13,-8.06E-13,0.1
-6.889,3.55E-13,-7.86E-13,0.1
-7,3.37E-13,-7.95E-13,0.1
-7.111,3.64E-13,-8.13E-13,0.1
-7.222,3.52E-13,-8.14E-13,0.1
-7.333,4.13E-13,-8.34E-13,0.1
-7.444,3.69E-13,-8.33E-13,0.1
-7.556,3.6E-13,-8.44E-13,0.1
-7.667,4.22E-13,-8.52E-13,0.1
-7.778,4.33E-13,-8.83E-13,0.1
-7.889,3.75E-13,-9.01E-13,0.1
-8,4.7E-13,-9.32E-13,0.1
-8.111,4.58E-13,-9.17E-13,0.1
-8.222,4.85E-13,-9.59E-13,0.1
-8.333,5.35E-13,-9.91E-13,0.1
-8.444,5.27E-13,-1.023E-12,0.1
-8.556,5.61E-13,-1.058E-12,0.1
-8.667,5.72E-13,-1.066E-12,0.1
-8.778,6.43E-13,-1.154E-12,0.1
-8.889,6.91E-13,-1.184E-12,0.1
-9,7.35E-13,-1.246E-12,0.1
-9.111,7.92E-13,-1.307E-12,0.1
-9.222,8.83E-13,-1.38E-12,0.1
-9.333,1.023E-12,-1.526E-12,0.1
-9.444,1.011E-12,-1.623E-12,0.1
-9.556,1.094E-12,-1.726E-12,0.1
-9.667,1.227E-12,-1.87E-12,0.1
-9.778,1.337E-12,-2.007E-12,0.1
-9.889,1.478E-12,-2.139E-12,0.1
-10,1.585E-12,-2.285E-12,0.1
Device ID,NMOS3_C4R2,,
Flags,,,
Remarks,,,
VG,IDS,IG,VDS
-10,5.671E-12,-6.448E-12,0.1
-9.889,2.234E-12,-4.107E-12,0.1
-9.778,1.527E-12,-2.975E-12,0.1
-9.667,1.135E-12,-2.313E-12,0.1
-9.556,8.97E-13,-1.86E-12,0.1
-9.444,6.91E-13,-1.567E-12,0.1
-9.333,5.89E-13,-1.361E-12,0.1
-9.222,4.74E-13,-1.167E-12,0.1
-9.111,4.04E-13,-1.049E-12,0.1
-9,3.58E-13,-9.03E-13,0.1
-8.889,2.94E-13,-8.27E-13,0.1
-8.778,2.61E-13,-7.43E-13,0.1
-8.667,1.94E-13,-6.75E-13,0.1
-8.556,1.91E-13,-6.21E-13,0.1
-8.444,1.63E-13,-5.57E-13,0.1
-8.333,1.28E-13,-5.18E-13,0.1
-8.222,-5.1E-14,-4.89E-13,0.1
-8.111,1.02E-13,-4.4E-13,0.1
-8,1.07E-13,-4.12E-13,0.1
-7.889,7.5E-14,-3.94E-13,0.1
-7.778,8.8E-14,-3.47E-13,0.1
-7.667,3.4E-14,-3.15E-13,0.1
-7.556,7.2E-14,-4.05E-13,0.1
-7.444,1.52E-13,-2.86E-13,0.1
-7.333,3.3E-14,-2.77E-13,0.1
-7.222,-2.4E-14,-2.63E-13,0.1
-7.111,3.3E-14,-2.5E-13,0.1
-7,-6E-15,-2E-13,0.1
-6.889,-3E-15,-2.08E-13,0.1
-6.778,-2.9E-14,-1.88E-13,0.1
-6.667,-1.7E-14,-1.8E-13,0.1
-6.556,-2.2E-14,-1.65E-13,0.1
-6.444,-2E-15,-1.25E-13,0.1
-6.333,-5.4E-14,-1.42E-13,0.1
-6.222,-6E-14,-9.8E-14,0.1
-6.111,-4.7E-14,-9.4E-14,0.1
-6,-7.8E-14,-9.1E-14,0.1
-5.889,-6.8E-14,-6.9E-14,0.1
-5.778,-7.8E-14,-5.3E-14,0.1
-5.667,-1.09E-13,-2E-14,0.1
-5.556,-1.22E-13,-1.5E-14,0.1
-5.444,-1.44E-13,1.2E-14,0.1
-5.333,-1.57E-13,3.5E-14,0.1
-5.222,-1.48E-13,5.5E-14,0.1
-5.111,-1.75E-13,9.4E-14,0.1
-5,-2.49E-13,1.13E-13,0.1
-4.889,-2E-13,1.38E-13,0.1
-4.778,-1.42E-13,1.4E-13,0.1
-4.667,-1.6E-14,1.11E-13,0.1
-4.556,1.78E-13,1.03E-13,0.1
-4.444,6.16E-13,9.9E-14,0.1
-4.333,1.511E-12,8.1E-14,0.1
-4.222,3.468E-12,7.9E-14,0.1
-4.111,7.427E-12,5.3E-14,0.1
-4,1.5652E-11,8.3E-14,0.1
-3.889,3.2175E-11,1.01E-13,0.1
-3.778,6.1907E-11,1.02E-13,0.1
-3.667,1.11568E-10,9.7E-14,0.1
-3.556,1.97645E-10,8.6E-14,0.1
-3.444,3.31902E-10,6.5E-14,0.1
-3.333,5.47986E-10,7.1E-14,0.1
-3.222,8.109E-10,4.4E-14,0.1
-3.111,1.31181E-09,9.3E-14,0.1
-3,0.000000002,7.7E-14,0.1
-2.889,2.82973E-09,1.07E-13,0.1
-2.778,0.000000004,9.9E-14,0.1
-2.667,5.38534E-09,9.9E-14,0.1
-2.556,7.08528E-09,1.03E-13,0.1
-2.444,9.23633E-09,9.4E-14,0.1
-2.333,1.13813E-08,7.5E-14,0.1
-2.222,1.44268E-08,7.2E-14,0.1
-2.111,1.78802E-08,8E-14,0.1
-2,0.000000022,8.6E-14,0.1
-1.8889,2.6594E-08,1.01E-13,0.1
-1.7778,3.1793E-08,1E-13,0.1
-1.6667,3.78153E-08,2.26E-13,0.1
-1.5556,4.43829E-08,4.9E-14,0.1
-1.4444,5.15611E-08,5.9E-14,0.1
-1.3333,6.01654E-08,7.2E-14,0.1
-1.2222,6.91333E-08,1.01E-13,0.1
-1.1111,7.86432E-08,2.16E-13,0.1
-1,8.95599E-08,1.15E-13,0.1
-0.8889,1.007126E-07,4.13E-13,0.1
-0.7778,0.000000112,-2.5E-14,0.1
-0.6667,1.2529E-07,-5.7E-14,0.1
-0.5556,1.39573E-07,1E-14,0.1
-0.4444,1.54857E-07,1.4E-14,0.1
-0.3333,1.70581E-07,1.9E-14,0.1
-0.2222,1.87643E-07,3E-15,0.1
-0.1111,2.05553E-07,6.3E-14,0.1
0,2.24474E-07,9.2E-14,0.1
0.1111,2.43693E-07,9.1E-14,0.1
0.2222,2.64559E-07,8E-14,0.1
0.3333,0.000000286,6.6E-14,0.1
0.4444,3.08548E-07,3.54E-13,0.1
0.5556,3.3213E-07,-2E-14,0.1
0.6667,3.55799E-07,6.3E-14,0.1
0.7778,3.80248E-07,6E-14,0.1
0.8889,0.000000406,6E-14,0.1
1,4.31349E-07,-2.7E-14,0.1
1.1111,4.58199E-07,9E-14,0.1
1.2222,4.85842E-07,8.5E-14,0.1
1.3333,5.13535E-07,8.3E-14,0.1
1.4444,5.41789E-07,1.03E-13,0.1
1.5556,5.72755E-07,9.7E-14,0.1
1.6667,6.01905E-07,1.1E-13,0.1
1.7778,6.3242E-07,1.16E-13,0.1
1.8889,6.6284E-07,9.8E-14,0.1
2,6.948E-07,1.02E-13,0.1
2.111,7.26871E-07,1.22E-13,0.1
2.222,7.55777E-07,1.08E-13,0.1
2.333,7.89784E-07,1.12E-13,0.1
2.444,8.22287E-07,1.26E-13,0.1
2.556,8.54684E-07,1.13E-13,0.1
2.667,8.87223E-07,1.37E-13,0.1
2.778,9.20237E-07,1.29E-13,0.1
2.889,9.52511E-07,1.29E-13,0.1
3,9.85287E-07,1.32E-13,0.1
3.111,1.017579E-06,1.31E-13,0.1
3.222,1.051532E-06,1.13E-13,0.1
3.333,1.086776E-06,1.26E-13,0.1
3.444,1.119533E-06,1.54E-13,0.1
3.556,1.14447E-06,1.14E-13,0.1
3.667,1.17535E-06,1.24E-13,0.1
3.778,1.21113E-06,1.28E-13,0.1
3.889,1.24513E-06,1.16E-13,0.1
4,1.27971E-06,1.24E-13,0.1
4.111,0.000001312,1.46E-13,0.1
4.222,1.34147E-06,1.47E-13,0.1
4.333,0.000001377,1.56E-13,0.1
4.444,1.40919E-06,1.36E-13,0.1
4.556,1.44481E-06,1.54E-13,0.1
4.667,1.47692E-06,1.38E-13,0.1
4.778,1.50862E-06,1.49E-13,0.1
4.889,1.53826E-06,1.61E-13,0.1
5,1.56953E-06,1.65E-13,0.1
5.111,1.60048E-06,1.75E-13,0.1
5.222,1.63136E-06,1.41E-13,0.1
5.333,1.66141E-06,1.89E-13,0.1
5.444,1.69045E-06,1.81E-13,0.1
5.556,1.72355E-06,2.1E-13,0.1
5.667,1.75408E-06,1.73E-13,0.1
5.778,1.78662E-06,1.89E-13,0.1
5.889,1.81516E-06,1.73E-13,0.1
6,1.84623E-06,1.63E-13,0.1
6.111,1.87743E-06,1.67E-13,0.1
6.222,0.000001908,1.68E-13,0.1
6.333,1.93251E-06,1.66E-13,0.1
6.444,1.96566E-06,2.05E-13,0.1
6.556,1.99611E-06,1.69E-13,0.1
6.667,2.02209E-06,2.08E-13,0.1
6.778,2.04757E-06,2.26E-13,0.1
6.889,2.07891E-06,1.83E-13,0.1
7,2.11093E-06,1.86E-13,0.1
7.111,2.13754E-06,1.74E-13,0.1
7.222,2.16434E-06,2.04E-13,0.1
7.333,2.18768E-06,1.71E-13,0.1
7.444,2.22293E-06,2.31E-13,0.1
7.556,2.2479E-06,2.2E-13,0.1
7.667,2.2729E-06,2.1E-13,0.1
7.778,2.30027E-06,2.52E-13,0.1
7.889,2.32852E-06,2.65E-13,0.1
8,2.35469E-06,2.8E-13,0.1
8.111,2.37234E-06,2.53E-13,0.1
8.222,0.000002406,2.92E-13,0.1
8.333,0.000002434,2.74E-13,0.1
8.444,2.45939E-06,2.1E-13,0.1
8.556,2.48505E-06,1.87E-13,0.1
8.667,2.51436E-06,1.96E-13,0.1
8.778,2.53812E-06,2.39E-13,0.1
8.889,2.56163E-06,3.95E-13,0.1
9,2.58939E-06,8.6E-14,0.1
9.111,2.60822E-06,5.6E-14,0.1
9.222,2.6368E-06,2.22E-13,0.1
9.333,2.66134E-06,1.97E-13,0.1
9.444,2.68665E-06,4.1E-14,0.1
9.556,2.71133E-06,3.06E-13,0.1
9.667,0.000002733,2.87E-13,0.1
9.778,2.75005E-06,2.63E-13,0.1
9.889,2.77266E-06,2.64E-13,0.1
10,0.000002798,2.79E-13,0.1
10,2.71127E-06,2.53E-13,0.1
9.889,0.00000251,8.4E-14,0.1
9.778,2.32747E-06,7.9E-14,0.1
9.667,2.16485E-06,4.7E-14,0.1
9.556,2.02082E-06,1.1E-14,0.1
9.444,1.88272E-06,-1.3E-14,0.1
9.333,1.75334E-06,-3.4E-14,0.1
9.222,1.63644E-06,-2.4E-14,0.1
9.111,1.52746E-06,-4.3E-14,0.1
9,1.42592E-06,-3.2E-14,0.1
8.889,1.33222E-06,-5.8E-14,0.1
8.778,1.24341E-06,-7.5E-14,0.1
8.667,1.15664E-06,-6.2E-14,0.1
8.556,1.07654E-06,-7.7E-14,0.1
8.444,1.000783E-06,-8.5E-14,0.1
8.333,9.30086E-07,-8.8E-14,0.1
8.222,8.60302E-07,-9.1E-14,0.1
8.111,7.98472E-07,-9.3E-14,0.1
8,0.00000074,-9.4E-14,0.1
7.889,6.84687E-07,-1.19E-13,0.1
7.778,6.31523E-07,-1.27E-13,0.1
7.667,5.81631E-07,-1E-13,0.1
7.556,5.35646E-07,-1.16E-13,0.1
7.444,4.91772E-07,-1.38E-13,0.1
7.333,4.48712E-07,-1.38E-13,0.1
7.222,4.11483E-07,-1.36E-13,0.1
7.111,3.76184E-07,-1.59E-13,0.1
7,3.42541E-07,-1.31E-13,0.1
6.889,3.13645E-07,-1.59E-13,0.1
6.778,2.85697E-07,-1.65E-13,0.1
6.667,2.58562E-07,-1.35E-13,0.1
6.556,2.34056E-07,-1.88E-13,0.1
6.444,2.10115E-07,-1.51E-13,0.1
6.333,1.89532E-07,-1.38E-13,0.1
6.222,1.69633E-07,-1.69E-13,0.1
6.111,1.52635E-07,-1.75E-13,0.1
6,1.35861E-07,-1.74E-13,0.1
5.889,1.20297E-07,-1.93E-13,0.1
5.778,1.07136E-07,-1.88E-13,0.1
5.667,0.000000095,-2.08E-13,0.1
5.556,8.33294E-08,-2.08E-13,0.1
5.444,0.000000073,-1.78E-13,0.1
5.333,6.42607E-08,-1.85E-13,0.1
5.222,5.58569E-08,-2E-13,0.1
5.111,4.89119E-08,-2.14E-13,0.1
5,4.23325E-08,-1.99E-13,0.1
4.889,3.61453E-08,-2.33E-13,0.1
4.778,0.000000031,-2.19E-13,0.1
4.667,2.65493E-08,-2.4E-13,0.1
4.556,2.24531E-08,-2.77E-13,0.1
4.444,1.89E-08,-2.62E-13,0.1
4.333,1.61305E-08,-2.29E-13,0.1
4.222,1.3565E-08,-2.48E-13,0.1
4.111,1.13625E-08,-2.65E-13,0.1
4,9.5761E-09,-2.58E-13,0.1
3.889,8.05907E-09,-2.35E-13,0.1
3.778,6.6271E-09,-2.56E-13,0.1
3.667,5.31613E-09,-3.61E-13,0.1
3.556,4.38962E-09,-3.66E-13,0.1
3.444,3.58321E-09,-3.97E-13,0.1
3.333,2.84985E-09,-3.66E-13,0.1
3.222,2.24568E-09,-4.03E-13,0.1
3.111,1.7927E-09,-4.49E-13,0.1
3,1.46093E-09,-4.45E-13,0.1
2.889,1.1016E-09,-4.22E-13,0.1
2.778,8.5613E-10,-4.33E-13,0.1
2.667,6.5232E-10,-4.44E-13,0.1
2.556,5.20665E-10,-3.7E-13,0.1
2.444,3.85166E-10,-3.26E-13,0.1
2.333,3.00525E-10,-3.62E-13,0.1
2.222,2.19054E-10,-3.15E-13,0.1
2.111,1.59987E-10,-3.37E-13,0.1
2,1.18945E-10,-3.64E-13,0.1
1.8889,8.4551E-11,-3.39E-13,0.1
1.7778,5.9645E-11,-3.11E-13,0.1
1.6667,4.1242E-11,-2.84E-13,0.1
1.5556,2.806E-11,-8.03E-13,0.1
1.4444,1.9611E-11,-3.65E-13,0.1
1.3333,1.2442E-11,-3.57E-13,0.1
1.2222,8.75E-12,-3.76E-13,0.1
1.1111,5.891E-12,-3.62E-13,0.1
1,3.966E-12,-3.49E-13,0.1
0.8889,2.817E-12,-4.07E-13,0.1
0.7778,2.017E-12,-3.61E-13,0.1
0.6667,1.484E-12,-3.88E-13,0.1
0.5556,1.081E-12,-4.03E-13,0.1
0.4444,9.09E-13,-4.19E-13,0.1
0.3333,7.84E-13,-4.26E-13,0.1
0.2222,6.76E-13,-4.67E-13,0.1
0.1111,5.81E-13,-4.45E-13,0.1
0,5.69E-13,-4.99E-13,0.1
-0.1111,5.05E-13,-5.01E-13,0.1
-0.2222,4.98E-13,-5.21E-13,0.1
-0.3333,4.74E-13,-5.6E-13,0.1
-0.4444,4.68E-13,-5.92E-13,0.1
-0.5556,4.42E-13,-6.15E-13,0.1
-0.6667,4.12E-13,-6.39E-13,0.1
-0.7778,3.76E-13,-6.16E-13,0.1
-0.8889,3.85E-13,-6.62E-13,0.1
-1,4.12E-13,-6.51E-13,0.1
-1.1111,4.06E-13,-6.49E-13,0.1
-1.2222,3.86E-13,-6.87E-13,0.1
-1.3333,3.66E-13,-6.71E-13,0.1
-1.4444,3.54E-13,-6.57E-13,0.1
-1.5556,3.34E-13,-7.18E-13,0.1
-1.6667,3.54E-13,-6.74E-13,0.1
-1.7778,3.44E-13,-6.79E-13,0.1
-1.8889,3.76E-13,-6.12E-13,0.1
-2,4.38E-13,-5.85E-13,0.1
-2.111,5.28E-13,-4.55E-13,0.1
-2.222,9.2E-14,-8.34E-13,0.1
-2.333,4.24E-13,-5.97E-13,0.1
-2.444,5.4E-13,-6.65E-13,0.1
-2.556,5.8E-14,-9.64E-13,0.1
-2.667,1.19E-13,-6.37E-13,0.1
-2.778,2.79E-13,-7.06E-13,0.1
-2.889,3.06E-13,-6.45E-13,0.1
-3,2.56E-13,-6.57E-13,0.1
-3.111,2.79E-13,-6.62E-13,0.1
-3.222,2.75E-13,-6.44E-13,0.1
-3.333,2.86E-13,-6.24E-13,0.1
-3.444,3.1E-13,-6.45E-13,0.1
-3.556,2.84E-13,-6.34E-13,0.1
-3.667,2.9E-13,-6.74E-13,0.1
-3.778,2.66E-13,-6.4E-13,0.1
-3.889,2.82E-13,-6.52E-13,0.1
-4,2.72E-13,-6.55E-13,0.1
-4.111,2.77E-13,-6.7E-13,0.1
-4.222,2.82E-13,-6.43E-13,0.1
-4.333,2.95E-13,-6.23E-13,0.1
-4.444,2.81E-13,-6.47E-13,0.1
-4.556,2.87E-13,-6.24E-13,0.1
-4.667,2.93E-13,-6.31E-13,0.1
-4.778,2.38E-13,-6.42E-13,0.1
-4.889,2.96E-13,-6.33E-13,0.1
-5,2.52E-13,-6.75E-13,0.1
-5.111,2.62E-13,-6.7E-13,0.1
-5.222,2.77E-13,-6.58E-13,0.1
-5.333,2.74E-13,-6.59E-13,0.1
-5.444,2.68E-13,-6.6E-13,0.1
-5.556,2.54E-13,-6.59E-13,0.1
-5.667,2.78E-13,-6.79E-13,0.1
-5.778,2.84E-13,-6.92E-13,0.1
-5.889,2.86E-13,-6.67E-13,0.1
-6,3.03E-13,-6.69E-13,0.1
-6.111,2.91E-13,-6.95E-13,0.1
-6.222,2.9E-13,-7.26E-13,0.1
-6.333,2.55E-13,-7.05E-13,0.1
-6.444,2.73E-13,-6.89E-13,0.1
-6.556,3.06E-13,-6.83E-13,0.1
-6.667,2.76E-13,-6.92E-13,0.1
-6.778,3.27E-13,-7.11E-13,0.1
-6.889,3.22E-13,-7.29E-13,0.1
-7,3.14E-13,-7.35E-13,0.1
-7.111,2.97E-13,-7.47E-13,0.1
-7.222,3.78E-13,-7.67E-13,0.1
-7.333,3.21E-13,-7.56E-13,0.1
-7.444,3.36E-13,-7.49E-13,0.1
-7.556,3.56E-13,-7.96E-13,0.1
-7.667,3.59E-13,-7.66E-13,0.1
-7.778,3.8E-13,-7.6E-13,0.1
-7.889,3.78E-13,-7.9E-13,0.1
-8,3.64E-13,-8.28E-13,0.1
-8.111,3.25E-13,-8.6E-13,0.1
-8.222,4.28E-13,-8.23E-13,0.1
-8.333,4.56E-13,-8.53E-13,0.1
-8.444,3.9E-13,-8.63E-13,0.1
-8.556,4.54E-13,-9.79E-13,0.1
-8.667,5.1E-13,-8.77E-13,0.1
-8.778,4.66E-13,-9.06E-13,0.1
-8.889,4.99E-13,-9.58E-13,0.1
-9,5.08E-13,-9.84E-13,0.1
-9.111,5.01E-13,-1.002E-12,0.1
-9.222,5.55E-13,-1.084E-12,0.1
-9.333,6.12E-13,-1.078E-12,0.1
-9.444,6.61E-13,-1.199E-12,0.1
-9.556,6.91E-13,-1.154E-12,0.1
-9.667,7.91E-13,-1.326E-12,0.1
-9.778,8.18E-13,-1.38E-12,0.1
-9.889,9.09E-13,-1.5E-12,0.1
-10,9.63E-13,-1.608E-12,0.1
Device ID,NMOS3_C2R1,,
Flags,,,
Remarks,,,
VG,IDS,IG,VDS
-10,4.037E-12,-5.013E-12,0.1
-9.889,1.314E-12,-3.003E-12,0.1
-9.778,8.55E-13,-2.01E-12,0.1
-9.667,5.19E-13,-1.467E-12,0.1
-9.556,3.76E-13,-1.103E-12,0.1
-9.444,2.68E-13,-8.54E-13,0.1
-9.333,1.41E-13,-7.25E-13,0.1
-9.222,1.65E-13,-5.87E-13,0.1
-9.111,8.2E-14,-4.73E-13,0.1
-9,7.4E-14,-4.3E-13,0.1
-8.889,0,-3.16E-13,0.1
-8.778,-7E-15,-2.92E-13,0.1
-8.667,-3.3E-14,-2.71E-13,0.1
-8.556,-4.7E-14,-2.29E-13,0.1
-8.444,-5.2E-14,-1.75E-13,0.1
-8.333,-1.7E-14,-9.8E-14,0.1
-8.222,-5.6E-14,-1.77E-13,0.1
-8.111,-6.6E-14,-1.21E-13,0.1
-8,-8E-14,-1.45E-13,0.1
-7.889,-8.6E-14,-8.5E-14,0.1
-7.778,-8.6E-14,-6.1E-14,0.1
-7.667,1E-15,2E-13,0.1
-7.556,-1.4E-13,-1E-13,0.1
-7.444,-1.07E-13,-5E-14,0.1
-7.333,-1.37E-13,-4.9E-14,0.1
-7.222,-6.3E-14,-1.19E-13,0.1
-7.111,-3.49E-13,1.07E-13,0.1
-7,-1.97E-13,-2E-15,0.1
-6.889,-8.8E-14,-3E-15,0.1
-6.778,-9.9E-14,-2.8E-14,0.1
-6.667,-1.39E-13,1.6E-14,0.1
-6.556,-1.66E-13,3E-14,0.1
-6.444,-1.38E-13,1.3E-14,0.1
-6.333,-1.12E-13,2.3E-14,0.1
-6.222,-1.09E-13,3.6E-14,0.1
-6.111,-1.29E-13,2.9E-14,0.1
-6,-7.7E-14,7.6E-14,0.1
-5.889,8.9E-14,3.1E-14,0.1
-5.778,-2.6E-14,-4.5E-14,0.1
-5.667,9.7E-14,2.1E-14,0.1
-5.556,3.02E-13,4.3E-14,0.1
-5.444,7.17E-13,1.67E-13,0.1
-5.333,1.475E-12,1.32E-13,0.1
-5.222,2.207E-12,-9E-15,0.1
-5.111,3.88E-12,-5.3E-14,0.1
-5,7.253E-12,3.3E-14,0.1
-4.889,1.2706E-11,7.5E-14,0.1
-4.778,2.0561E-11,7.3E-14,0.1
-4.667,3.485E-11,1.8E-14,0.1
-4.556,5.8405E-11,2.6E-14,0.1
-4.444,9.7416E-11,2.7E-14,0.1
-4.333,1.51263E-10,6E-14,0.1
-4.222,2.39321E-10,3E-15,0.1
-4.111,3.66553E-10,2.8E-14,0.1
-4,5.48975E-10,5E-15,0.1
-3.889,7.5171E-10,4.5E-14,0.1
-3.778,1.23172E-09,9.2E-14,0.1
-3.667,1.81421E-09,6E-14,0.1
-3.556,2.55232E-09,9.6E-14,0.1
-3.444,3.49571E-09,7.9E-14,0.1
-3.333,4.71066E-09,1.01E-13,0.1
-3.222,6.16093E-09,8.4E-14,0.1
-3.111,7.90887E-09,9.6E-14,0.1
-3,0.00000001,1.1E-14,0.1
-2.889,1.1868E-08,6.4E-14,0.1
-2.778,1.48074E-08,2.9E-14,0.1
-2.667,1.81774E-08,3.8E-14,0.1
-2.556,2.1796E-08,4.4E-14,0.1
-2.444,2.61662E-08,4.8E-14,0.1
-2.333,3.07681E-08,3.9E-14,0.1
-2.222,3.58329E-08,6.7E-14,0.1
-2.111,4.15658E-08,7E-14,0.1
-2,0.000000048,4.6E-14,0.1
-1.8889,5.5401E-08,7.1E-14,0.1
-1.7778,6.26864E-08,7.5E-14,0.1
-1.6667,7.10828E-08,5.1E-14,0.1
-1.5556,8.04484E-08,9.2E-14,0.1
-1.4444,8.96994E-08,9.3E-14,0.1
-1.3333,9.9716E-08,8.6E-14,0.1
-1.2222,1.111659E-07,6.5E-14,0.1
-1.1111,1.20322E-07,-2E-15,0.1
-1,1.3418E-07,6.3E-14,0.1
-0.8889,1.46317E-07,1.15E-13,0.1
-0.7778,1.60814E-07,3.8E-14,0.1
-0.6667,1.7582E-07,7.5E-14,0.1
-0.5556,1.90431E-07,7.3E-14,0.1
-0.4444,0.000000206,1.02E-13,0.1
-0.3333,0.000000222,6.1E-14,0.1
-0.2222,2.36944E-07,8.4E-14,0.1
-0.1111,2.53749E-07,7.3E-14,0.1
0,2.69676E-07,9.3E-14,0.1
0.1111,2.8731E-07,9.6E-14,0.1
0.2222,3.0661E-07,8.4E-14,0.1
0.3333,3.23626E-07,8.5E-14,0.1
0.4444,3.42302E-07,7.6E-14,0.1
0.5556,0.00000036,1.09E-13,0.1
0.6667,3.78166E-07,8.3E-14,0.1
0.7778,4.01206E-07,1.18E-13,0.1
0.8889,4.17716E-07,1.25E-13,0.1
1,4.38595E-07,9.7E-14,0.1
1.1111,4.61623E-07,1.08E-13,0.1
1.2222,4.7881E-07,7.7E-14,0.1
1.3333,4.96892E-07,5.9E-14,0.1
1.4444,0.000000516,1.16E-13,0.1
1.5556,5.38674E-07,1.01E-13,0.1
1.6667,5.60797E-07,1.03E-13,0.1
1.7778,5.78766E-07,1.36E-13,0.1
1.8889,5.9543E-07,1.05E-13,0.1
2,6.1318E-07,1.15E-13,0.1
2.111,6.32867E-07,1.18E-13,0.1
2.222,6.5249E-07,1E-13,0.1
2.333,6.65593E-07,1.01E-13,0.1
2.444,6.85832E-07,1.49E-13,0.1
2.556,0.000000706,1.02E-13,0.1
2.667,7.20841E-07,1.41E-13,0.1
2.778,7.35153E-07,1.38E-13,0.1
2.889,7.52066E-07,1.32E-13,0.1
3,7.67743E-07,1.05E-13,0.1
3.111,7.80313E-07,1.39E-13,0.1
3.222,0.000000797,1.25E-13,0.1
3.333,8.09664E-07,1.43E-13,0.1
3.444,8.16868E-07,1.11E-13,0.1
3.556,8.27616E-07,1.3E-13,0.1
3.667,8.43345E-07,1.31E-13,0.1
3.778,8.53923E-07,1.16E-13,0.1
3.889,8.68717E-07,1.54E-13,0.1
4,8.87074E-07,1.56E-13,0.1
4.111,8.98782E-07,1.37E-13,0.1
4.222,9.09395E-07,1.65E-13,0.1
4.333,9.16315E-07,1.15E-13,0.1
4.444,9.24343E-07,1.6E-13,0.1
4.556,9.39313E-07,1.8E-13,0.1
4.667,9.50807E-07,1.65E-13,0.1
4.778,9.58635E-07,1.77E-13,0.1
4.889,9.70742E-07,1.44E-13,0.1
5,0.000000981,1.95E-13,0.1
5.111,0.000000983,1.68E-13,0.1
5.222,9.94228E-07,1.83E-13,0.1
5.333,1.002773E-06,1.8E-13,0.1
5.444,1.003619E-06,1.41E-13,0.1
5.556,1.007838E-06,1.66E-13,0.1
5.667,1.01918E-06,1.74E-13,0.1
5.778,1.030854E-06,1.43E-13,0.1
5.889,1.035312E-06,1.85E-13,0.1
6,1.040204E-06,1.42E-13,0.1
6.111,1.044927E-06,2.1E-13,0.1
6.222,1.055086E-06,1.62E-13,0.1
6.333,1.050944E-06,1.83E-13,0.1
6.444,1.06128E-06,1.47E-13,0.1
6.556,0.00000107,1.59E-13,0.1
6.667,1.074705E-06,1.93E-13,0.1
6.778,1.080144E-06,1.53E-13,0.1
6.889,1.084225E-06,2.07E-13,0.1
7,1.090765E-06,2.04E-13,0.1
7.111,1.092916E-06,1.72E-13,0.1
7.222,1.093467E-06,1.93E-13,0.1
7.333,1.093771E-06,2.23E-13,0.1
7.444,1.095142E-06,1.98E-13,0.1
7.556,1.098063E-06,1.77E-13,0.1
7.667,1.10456E-06,1.81E-13,0.1
7.778,1.11035E-06,2.03E-13,0.1
7.889,1.112673E-06,1.87E-13,0.1
8,1.116767E-06,2.11E-13,0.1
8.111,1.118486E-06,2.38E-13,0.1
8.222,1.11222E-06,2.08E-13,0.1
8.333,1.11559E-06,2.34E-13,0.1
8.444,1.12188E-06,2.24E-13,0.1
8.556,1.11979E-06,2.05E-13,0.1
8.667,1.12234E-06,2.74E-13,0.1
8.778,1.1274E-06,2.08E-13,0.1
8.889,1.13109E-06,2.35E-13,0.1
9,1.13158E-06,2.36E-13,0.1
9.111,1.13167E-06,2.53E-13,0.1
9.222,1.13634E-06,2.32E-13,0.1
9.333,1.14554E-06,2.52E-13,0.1
9.444,1.1482E-06,2.18E-13,0.1
9.556,0.000001149,2.22E-13,0.1
9.667,1.15173E-06,2.34E-13,0.1
9.778,0.00000116,2.02E-13,0.1
9.889,1.16067E-06,2.4E-13,0.1
10,1.15837E-06,2.59E-13,0.1
10,1.08779E-06,1.68E-13,0.1
9.889,9.31667E-07,8.3E-14,0.1
9.778,8.04812E-07,6.9E-14,0.1
9.667,6.9893E-07,8.4E-14,0.1
9.556,6.07709E-07,-2E-14,0.1
9.444,5.28564E-07,-3.8E-14,0.1
9.333,4.62837E-07,-2E-14,0.1
9.222,4.03311E-07,-2.6E-14,0.1
9.111,3.51513E-07,-1.3E-13,0.1
9,3.07699E-07,-5.4E-14,0.1
8.889,2.67513E-07,-5.9E-14,0.1
8.778,2.31439E-07,-1.3E-14,0.1
8.667,1.98189E-07,-8.6E-14,0.1
8.556,1.68719E-07,-6.8E-14,0.1
8.444,1.43827E-07,-8.7E-14,0.1
8.333,1.20859E-07,-5.7E-14,0.1
8.222,1.01584E-07,-7.4E-14,0.1
8.111,0.000000085,-5.5E-14,0.1
8,0.00000007,-1.18E-13,0.1
7.889,5.7255E-08,-9.6E-14,0.1
7.778,4.62629E-08,-9.6E-14,0.1
7.667,3.70993E-08,-9.6E-14,0.1
7.556,2.91023E-08,-1.52E-13,0.1
7.444,2.27163E-08,-1.39E-13,0.1
7.333,1.74989E-08,-1.14E-13,0.1
7.222,1.34381E-08,-1.33E-13,0.1
7.111,1.01424E-08,-1.15E-13,0.1
7,7.58161E-09,-1.27E-13,0.1
6.889,5.44695E-09,-1.28E-13,0.1
6.778,3.93199E-09,-1.52E-13,0.1
6.667,2.77034E-09,-1.69E-13,0.1
6.556,1.91623E-09,-1.66E-13,0.1
6.444,1.30476E-09,-1.47E-13,0.1
6.333,8.898E-10,-2.54E-13,0.1
6.222,6.25091E-10,-1.07E-13,0.1
6.111,4.27837E-10,-2.14E-13,0.1
6,2.86213E-10,-1.76E-13,0.1
5.889,1.88853E-10,-1.44E-13,0.1
5.778,1.23069E-10,-1.39E-13,0.1
5.667,7.9562E-11,-1.22E-13,0.1
5.556,5.1234E-11,-1.22E-13,0.1
5.444,3.2321E-11,-1.82E-13,0.1
5.333,2.0719E-11,-1.39E-13,0.1
5.222,1.3161E-11,-1.84E-13,0.1
5.111,8.189E-12,-2.16E-13,0.1
5,5.208E-12,-2.37E-13,0.1
4.889,3.336E-12,-2.26E-13,0.1
4.778,2.079E-12,-2.48E-13,0.1
4.667,1.335E-12,-2.36E-13,0.1
4.556,8.57E-13,-1.97E-13,0.1
4.444,5.35E-13,-2.57E-13,0.1
4.333,3.74E-13,-2.34E-13,0.1
4.222,2.07E-13,-2.64E-13,0.1
4.111,1.65E-13,-2.8E-13,0.1
4,2.03E-13,-2.27E-13,0.1
3.889,1.34E-13,-2.29E-13,0.1
3.778,1.19E-13,-3.2E-13,0.1
3.667,9.8E-14,-2.89E-13,0.1
3.556,6.6E-14,-2.83E-13,0.1
3.444,7.4E-14,-3.12E-13,0.1
3.333,1.12E-13,-3.34E-13,0.1
3.222,2.63E-13,-2.52E-13,0.1
3.111,5.6E-14,-3.62E-13,0.1
3,5.6E-14,-3.34E-13,0.1
2.889,5.6E-14,-3.33E-13,0.1
2.778,7.2E-14,-3.4E-13,0.1
2.667,1.06E-13,-3.03E-13,0.1
2.556,6.2E-14,-3.16E-13,0.1
2.444,6E-14,-2.8E-13,0.1
2.333,-6E-15,-3.72E-13,0.1
2.222,6.6E-14,-3.54E-13,0.1
2.111,3E-15,-4.08E-13,0.1
2,1.19E-13,-3.11E-13,0.1
1.8889,4.2E-14,-4.1E-13,0.1
1.7778,1.2E-14,-3.27E-13,0.1
1.6667,1.48E-13,-2.99E-13,0.1
1.5556,1.04E-13,-3.22E-13,0.1
1.4444,4.3E-14,-3.34E-13,0.1
1.3333,1.04E-13,-3.07E-13,0.1
1.2222,1.72E-13,-3.69E-13,0.1
1.1111,6.4E-14,-3.59E-13,0.1
1,7.1E-14,-3.39E-13,0.1
0.8889,1.16E-13,-3.4E-13,0.1
0.7778,7.4E-14,-3.57E-13,0.1
0.6667,8.7E-14,-3.41E-13,0.1
0.5556,7.7E-14,-3.81E-13,0.1
0.4444,1.48E-13,-3.54E-13,0.1
0.3333,4.9E-14,-3.64E-13,0.1
0.2222,1.28E-13,-3.74E-13,0.1
0.1111,8.9E-14,-3.38E-13,0.1
0,1.03E-13,-3.89E-13,0.1
-0.1111,1.41E-13,-3.6E-13,0.1
-0.2222,1.17E-13,-3.86E-13,0.1
-0.3333,1.33E-13,-3.93E-13,0.1
-0.4444,1.01E-13,-4.1E-13,0.1
-0.5556,1.13E-13,-3.79E-13,0.1
-0.6667,1.25E-13,-4.17E-13,0.1
-0.7778,1.56E-13,-3.86E-13,0.1
-0.8889,1.03E-13,-4.1E-13,0.1
-1,1.33E-13,-4.06E-13,0.1
-1.1111,1.58E-13,-3.88E-13,0.1
-1.2222,1.32E-13,-4.24E-13,0.1
-1.3333,1.32E-13,-4.08E-13,0.1
-1.4444,1E-13,-4.23E-13,0.1
-1.5556,1.48E-13,-4.17E-13,0.1
-1.6667,1.06E-13,-4.44E-13,0.1
-1.7778,1.34E-13,-4.28E-13,0.1
-1.8889,1.51E-13,-4.37E-13,0.1
-2,1.39E-13,-4.8E-13,0.1
-2.111,1.49E-13,-4.43E-13,0.1
-2.222,1.59E-13,-4.25E-13,0.1
-2.333,1.09E-13,-4.36E-13,0.1
-2.444,1.38E-13,-4.17E-13,0.1
-2.556,1.49E-13,-4.25E-13,0.1
-2.667,1.84E-13,-4.6E-13,0.1
-2.778,1.76E-13,-4.4E-13,0.1
-2.889,1.65E-13,-4.19E-13,0.1
-3,1.78E-13,-4.49E-13,0.1
-3.111,1.5E-13,-4.48E-13,0.1
-3.222,1.52E-13,-4.52E-13,0.1
-3.333,1.66E-13,-4.6E-13,0.1
-3.444,1.88E-13,-4.88E-13,0.1
-3.556,1.63E-13,-4.55E-13,0.1
-3.667,1.58E-13,-4.68E-13,0.1
-3.778,1.66E-13,-4.69E-13,0.1
-3.889,1.82E-13,-4.72E-13,0.1
-4,1.06E-13,-4.62E-13,0.1
-4.111,1.75E-13,-4.73E-13,0.1
-4.222,1.41E-13,-4.84E-13,0.1
-4.333,1.89E-13,-4.78E-13,0.1
-4.444,1.52E-13,-4.89E-13,0.1
-4.556,1.24E-13,-4.91E-13,0.1
-4.667,1.38E-13,-4.63E-13,0.1
-4.778,1.58E-13,-4.95E-13,0.1
-4.889,1.93E-13,-4.85E-13,0.1
-5,2.1E-13,-5.07E-13,0.1
-5.111,1.69E-13,-5.02E-13,0.1
-5.222,1.47E-13,-4.95E-13,0.1
-5.333,1.93E-13,-5.4E-13,0.1
-5.444,2.46E-13,-4.97E-13,0.1
-5.556,1.46E-13,-5.38E-13,0.1
-5.667,1.49E-13,-5.35E-13,0.1
-5.778,1.71E-13,-4.98E-13,0.1
-5.889,1.91E-13,-4.82E-13,0.1
-6,2.07E-13,-5.39E-13,0.1
-6.111,2.17E-13,-5.01E-13,0.1
-6.222,1.61E-13,-5.13E-13,0.1
-6.333,2.32E-13,-5.19E-13,0.1
-6.444,1.73E-13,-5.2E-13,0.1
-6.556,1.59E-13,-5.21E-13,0.1
-6.667,1.7E-13,-5.18E-13,0.1
-6.778,1.57E-13,-5.36E-13,0.1
-6.889,2.17E-13,-5.29E-13,0.1
-7,1.88E-13,-5.53E-13,0.1
-7.111,2.26E-13,-5.26E-13,0.1
-7.222,2.22E-13,-5.2E-13,0.1
-7.333,1.78E-13,-5.38E-13,0.1
-7.444,2.09E-13,-5.22E-13,0.1
-7.556,2.28E-13,-5.59E-13,0.1
-7.667,2.17E-13,-5.53E-13,0.1
-7.778,1.99E-13,-5.64E-13,0.1
-7.889,2.68E-13,-5.59E-13,0.1
-8,2.81E-13,-5.6E-13,0.1
-8.111,2.39E-13,-5.99E-13,0.1
-8.222,2.24E-13,-6.24E-13,0.1
-8.333,2.13E-13,-6.02E-13,0.1
-8.444,3.06E-13,-6.68E-13,0.1
-8.556,3.06E-13,-6.69E-13,0.1
-8.667,3.28E-13,-7.06E-13,0.1
-8.778,3.13E-13,-7.37E-13,0.1
-8.889,3.07E-13,-8.03E-13,0.1
-9,2.41E-13,-8.96E-13,0.1
-9.111,3.7E-13,-8.63E-13,0.1
-9.222,4.1E-13,-8.91E-13,0.1
-9.333,4.63E-13,-9.89E-13,0.1
-9.444,5.01E-13,-1.167E-12,0.1
-9.556,4.94E-13,-1.225E-12,0.1
-9.667,6.08E-13,-1.364E-12,0.1
-9.778,6.1E-13,-1.529E-12,0.1
-9.889,6.52E-13,-1.687E-12,0.1
-10,7.43E-13,-1.872E-12,0.1
